{"min": [-0.927917, -0.597859, -0.982592], "max": [0.888339, 0.584096, 0.954385]}