{"min": [-0.448528, -0.974502, -0.141325], "max": [0.431337, 0.974696, 0.185791]}